{
    "ward_province_clean_Quận 12 | Hồ Chí Minh": "Quận 12 | Hồ Chí Minh",
    "ward_province_clean_Long Biên | Hà Nội": "Long Biên | Hà Nội",
    "ward_province_clean_Quận 7 | Hồ Chí Minh": "Quận 7 | Hồ Chí Minh",
    "ward_province_clean_Gia Lâm | Hà Nội": "Gia Lâm | Hà Nội",
    "ward_province_clean_Bình Thạnh | Hồ Chí Minh": "Bình Thạnh | Hồ Chí Minh",
    "ward_province_clean_Thanh Xuân | Hà Nội": "Thanh Xuân | Hà Nội",
    "ward_province_clean_Quận 10 | Hồ Chí Minh": "Quận 10 | Hồ Chí Minh",
    "ward_province_clean_Quận 3 | Hồ Chí Minh": "Quận 3 | Hồ Chí Minh",
    "ward_province_clean_Hà Đông | Hà Nội": "Hà Đông | Hà Nội",
    "ward_province_clean_Tân Phú | Hồ Chí Minh": "Tân Phú | Hồ Chí Minh",
    "ward_province_clean_Hoàng Mai | Hà Nội": "Hoàng Mai | Hà Nội",
    "ward_province_clean_Tân Bình | Hồ Chí Minh": "Tân Bình | Hồ Chí Minh",
    "ward_province_clean_Cầu Giấy | Hà Nội": "Cầu Giấy | Hà Nội",
    "ward_province_clean_Hóc Môn | Hồ Chí Minh": "Hóc Môn | Hồ Chí Minh",
    "ward_province_clean_Nha Trang | Khánh Hòa": "Nha Trang | Khánh Hòa",
    "ward_province_clean_Nam Từ Liêm | Hà Nội": "Nam Từ Liêm | Hà Nội",
    "ward_province_clean_Đống Đa | Hà Nội": "Đống Đa | Hà Nội",
    "ward_province_clean_Biên Hòa | Đồng Nai": "Biên Hòa | Đồng Nai",
    "ward_province_clean_Quận 8 | Hồ Chí Minh": "Quận 8 | Hồ Chí Minh",
    "ward_province_clean_La Gi | Bình Thuận": "La Gi | Bình Thuận",
    "ward_province_clean_Quận 1 | Hồ Chí Minh": "Quận 1 | Hồ Chí Minh",
    "ward_province_clean_Hai Bà Trưng | Hà Nội": "Hai Bà Trưng | Hà Nội",
    "ward_province_clean_Cẩm Phả | Quảng Ninh": "Cẩm Phả | Quảng Ninh",
    "ward_province_clean_Trảng Bàng | Tây Ninh": "Trảng Bàng | Tây Ninh",
    "ward_province_clean_Quận 9 | Hồ Chí Minh": "Quận 9 | Hồ Chí Minh",
    "ward_province_clean_Hồng Bàng | Hải Phòng": "Hồng Bàng | Hải Phòng",
    "ward_province_clean_OtherWard | Lâm Đồng": "OtherWard | Lâm Đồng",
    "ward_province_clean_Cần Giuộc | Long An": "Cần Giuộc | Long An",
    "ward_province_clean_Vĩnh Cửu | Đồng Nai": "Vĩnh Cửu | Đồng Nai",
    "ward_province_clean_Gò Vấp | Hồ Chí Minh": "Gò Vấp | Hồ Chí Minh",
    "ward_province_clean_OtherWard | Bà Rịa Vũng Tàu": "OtherWard | Bà Rịa Vũng Tàu",
    "ward_province_clean_Quận 4 | Hồ Chí Minh": "Quận 4 | Hồ Chí Minh",
    "ward_province_clean_Thủ Đức | Hồ Chí Minh": "Thủ Đức | Hồ Chí Minh",
    "ward_province_clean_Tây Hồ | Hà Nội": "Tây Hồ | Hà Nội",
    "ward_province_clean_Bình Tân | Hồ Chí Minh": "Bình Tân | Hồ Chí Minh",
    "ward_province_clean_Dĩ An | Bình Dương": "Dĩ An | Bình Dương",
    "ward_province_clean_Bến Lức | Long An": "Bến Lức | Long An",
    "ward_province_clean_Phú Nhuận | Hồ Chí Minh": "Phú Nhuận | Hồ Chí Minh",
    "ward_province_clean_Quận 2 | Hồ Chí Minh": "Quận 2 | Hồ Chí Minh",
    "ward_province_clean_Ba Đình | Hà Nội": "Ba Đình | Hà Nội",
    "ward_province_clean_Huế | Thừa Thiên Huế": "Huế | Thừa Thiên Huế",
    "ward_province_clean_OtherWard | Thanh Hóa": "OtherWard | Thanh Hóa",
    "ward_province_clean_Châu Thành A | Hậu Giang": "Châu Thành A | Hậu Giang",
    "ward_province_clean_Nhà Bè | Hồ Chí Minh": "Nhà Bè | Hồ Chí Minh",
    "ward_province_clean_Bình Chánh | Hồ Chí Minh": "Bình Chánh | Hồ Chí Minh",
    "ward_province_clean_Hoài Đức | Hà Nội": "Hoài Đức | Hà Nội",
    "ward_province_clean_Bến Cát | Bình Dương": "Bến Cát | Bình Dương",
    "ward_province_clean_Thái Bình | Thái Bình": "Thái Bình | Thái Bình",
    "ward_province_clean_Bắc Từ Liêm | Hà Nội": "Bắc Từ Liêm | Hà Nội",
    "ward_province_clean_Phan Rang - Tháp Chàm | Ninh Thuận": "Phan Rang - Tháp Chàm | Ninh Thuận",
    "ward_province_clean_Quận 5 | Hồ Chí Minh": "Quận 5 | Hồ Chí Minh",
    "ward_province_clean_Quận 11 | Hồ Chí Minh": "Quận 11 | Hồ Chí Minh",
    "ward_province_clean_Thanh Khê | Đà Nẵng": "Thanh Khê | Đà Nẵng",
    "ward_province_clean_Cẩm Lệ | Đà Nẵng": "Cẩm Lệ | Đà Nẵng",
    "ward_province_clean_Hải Châu | Đà Nẵng": "Hải Châu | Đà Nẵng",
    "ward_province_clean_Thủ Dầu Một | Bình Dương": "Thủ Dầu Một | Bình Dương",
    "ward_province_clean_Thanh Trì | Hà Nội": "Thanh Trì | Hà Nội",
    "ward_province_clean_Lê Chân | Hải Phòng": "Lê Chân | Hải Phòng",
    "ward_province_clean_OtherWard | Quảng Ngãi": "OtherWard | Quảng Ngãi",
    "ward_province_clean_Sơn Trà | Đà Nẵng": "Sơn Trà | Đà Nẵng",
    "ward_province_clean_OtherWard | Thừa Thiên Huế": "OtherWard | Thừa Thiên Huế",
    "ward_province_clean_Hoàn Kiếm | Hà Nội": "Hoàn Kiếm | Hà Nội",
    "ward_province_clean_Vũng Tàu | Bà Rịa Vũng Tàu": "Vũng Tàu | Bà Rịa Vũng Tàu",
    "ward_province_clean_Hải An | Hải Phòng": "Hải An | Hải Phòng",
    "ward_province_clean_Quận 6 | Hồ Chí Minh": "Quận 6 | Hồ Chí Minh",
    "ward_province_clean_Ngô Quyền | Hải Phòng": "Ngô Quyền | Hải Phòng",
    "ward_province_clean_Đan Phượng | Hà Nội": "Đan Phượng | Hà Nội",
    "ward_province_clean_Đà Lạt | Lâm Đồng": "Đà Lạt | Lâm Đồng",
    "ward_province_clean_Ngũ Hành Sơn | Đà Nẵng": "Ngũ Hành Sơn | Đà Nẵng",
    "ward_province_clean_Thuận An | Bình Dương": "Thuận An | Bình Dương",
    "ward_province_clean_Kiến An | Hải Phòng": "Kiến An | Hải Phòng",
    "ward_province_clean_Liên Chiểu | Đà Nẵng": "Liên Chiểu | Đà Nẵng",
    "ward_province_clean_Đông Anh | Hà Nội": "Đông Anh | Hà Nội",
    "ward_province_clean_OtherWard | Cần Thơ": "OtherWard | Cần Thơ",
    "ward_province_clean_Đức Hòa | Long An": "Đức Hòa | Long An",
    "ward_province_clean_OtherWard | Tuyên Quang": "OtherWard | Tuyên Quang",
    "ward_province_clean_OtherWard | Kiên Giang": "OtherWard | Kiên Giang",
    "ward_province_clean_OtherWard | An Giang": "OtherWard | An Giang",
    "ward_province_clean_OtherWard | Hải Phòng": "OtherWard | Hải Phòng",
    "ward_province_clean_Đông Hưng | Thái Bình": "Đông Hưng | Thái Bình",
    "ward_province_clean_OtherWard | Khánh Hòa": "OtherWard | Khánh Hòa",
    "ward_province_clean_Tân Uyên | Bình Dương": "Tân Uyên | Bình Dương",
    "ward_province_clean_Hương Thủy | Thừa Thiên Huế": "Hương Thủy | Thừa Thiên Huế",
    "ward_province_clean_Ninh Kiều | Cần Thơ": "Ninh Kiều | Cần Thơ",
    "ward_province_clean_Từ Sơn | Bắc Ninh": "Từ Sơn | Bắc Ninh",
    "ward_province_clean_OtherWard | Long An": "OtherWard | Long An",
    "ward_province_clean_Hội An | Quảng Nam": "Hội An | Quảng Nam",
    "ward_province_clean_OtherWard | Đồng Nai": "OtherWard | Đồng Nai",
    "ward_province_clean_Văn Giang | Hưng Yên": "Văn Giang | Hưng Yên",
    "ward_province_clean_OtherWard | Bắc Giang": "OtherWard | Bắc Giang",
    "ward_province_clean_Thanh Oai | Hà Nội": "Thanh Oai | Hà Nội",
    "ward_province_clean_Sa Pa | Lào Cai": "Sa Pa | Lào Cai",
    "ward_province_clean_OtherWard | Hưng Yên": "OtherWard | Hưng Yên",
    "ward_province_clean_An Dương | Hải Phòng": "An Dương | Hải Phòng",
    "ward_province_clean_OtherWard | Quảng Ninh": "OtherWard | Quảng Ninh",
    "ward_province_clean_OtherWard | Nam Định": "OtherWard | Nam Định",
    "ward_province_clean_OtherWard | Bình Dương": "OtherWard | Bình Dương",
    "ward_province_clean_Chương Mỹ | Hà Nội": "Chương Mỹ | Hà Nội",
    "ward_province_clean_Củ Chi | Hồ Chí Minh": "Củ Chi | Hồ Chí Minh",
    "ward_province_clean_Quy Nhơn | Bình Định": "Quy Nhơn | Bình Định",
    "ward_province_clean_OtherWard | Lào Cai": "OtherWard | Lào Cai",
    "ward_province_clean_Cái Răng | Cần Thơ": "Cái Răng | Cần Thơ",
    "ward_province_clean_OtherWard | Tây Ninh": "OtherWard | Tây Ninh",
    "ward_province_clean_OtherWard | Tiền Giang": "OtherWard | Tiền Giang",
    "ward_province_clean_Phụng Hiệp | Hậu Giang": "Phụng Hiệp | Hậu Giang",
    "ward_province_clean_OtherWard | Vĩnh Phúc": "OtherWard | Vĩnh Phúc",
    "ward_province_clean_Mê Linh | Hà Nội": "Mê Linh | Hà Nội",
    "ward_province_clean_OtherWard | Bình Thuận": "OtherWard | Bình Thuận",
    "ward_province_clean_OtherWard | Hậu Giang": "OtherWard | Hậu Giang",
    "ward_province_clean_OtherWard | Hà Nội": "OtherWard | Hà Nội",
    "ward_province_clean_OtherWard | Hà Nam": "OtherWard | Hà Nam",
    "ward_province_clean_Rạch Giá | Kiên Giang": "Rạch Giá | Kiên Giang",
    "ward_province_clean_OtherWard | Trà Vinh": "OtherWard | Trà Vinh",
    "ward_province_clean_OtherWard | Đà Nẵng": "OtherWard | Đà Nẵng",
    "ward_province_clean_Diên Khánh | Khánh Hòa": "Diên Khánh | Khánh Hòa",
    "ward_province_clean_Cần Đước | Long An": "Cần Đước | Long An",
    "ward_province_clean_Buôn Ma Thuột | Đắk Lắk": "Buôn Ma Thuột | Đắk Lắk",
    "ward_province_clean_OtherWard | Bình Phước": "OtherWard | Bình Phước",
    "ward_province_clean_OtherWard | Nghệ An": "OtherWard | Nghệ An",
    "ward_province_clean_OtherWard | Bắc Ninh": "OtherWard | Bắc Ninh",
    "ward_province_clean_OtherWard | Ninh Bình": "OtherWard | Ninh Bình",
    "ward_province_clean_OtherWard | Sơn La": "OtherWard | Sơn La",
    "ward_province_clean_OtherWard | Gia Lai": "OtherWard | Gia Lai",
    "ward_province_clean_OtherWard | Thái Bình": "OtherWard | Thái Bình",
    "ward_province_clean_OtherWard | Ninh Thuận": "OtherWard | Ninh Thuận",
    "ward_province_clean_OtherWard | Hải Dương": "OtherWard | Hải Dương",
    "ward_province_clean_OtherWard | Hồ Chí Minh": "OtherWard | Hồ Chí Minh",
    "ward_province_clean_OtherWard | Phú Thọ": "OtherWard | Phú Thọ",
    "ward_province_clean_OtherWard | Cà Mau": "OtherWard | Cà Mau",
    "ward_province_clean_OtherWard | Yên Bái": "OtherWard | Yên Bái",
    "ward_province_clean_OtherWard | Thái Nguyên": "OtherWard | Thái Nguyên",
    "ward_province_clean_OtherWard | Phú Yên": "OtherWard | Phú Yên",
    "ward_province_clean_OtherWard | Bến Tre": "OtherWard | Bến Tre",
    "ward_province_clean_OtherWard | Quảng Trị": "OtherWard | Quảng Trị",
    "ward_province_clean_OtherWard | Quảng Nam": "OtherWard | Quảng Nam",
    "ward_province_clean_OtherWard | Vĩnh Long": "OtherWard | Vĩnh Long",
    "ward_province_clean_OtherWard | Đồng Tháp": "OtherWard | Đồng Tháp",
    "ward_province_clean_OtherWard | Hòa Bình": "OtherWard | Hòa Bình",
    "ward_province_clean_OtherWard | Điện Biên": "OtherWard | Điện Biên",
    "ward_province_clean_OtherWard | Sóc Trăng": "OtherWard | Sóc Trăng"
}